AA_position1,AA_position2,DI_score,0,conservation%_at_pos1,conservation%_at_pos2,sec_struct_clash_flag,high_conservation_flag,cys_cys_repartnering_flag
249,242,0.11919,0,18,23,0,0,0
233,205,0.11847,0,81,91,0,0,0
269,237,0.11107,0,26,46,0,0,0
269,258,0.11003,0,26,16,0,0,0
210,189,0.1067,0,26,18,0,0,0
210,190,0.10185,0,26,18,0,0,0
266,208,0.099094,0,36,61,0,0,0
257,234,0.095241,0,35,19,0,0,0
271,265,0.089166,0,24,26,999,0,0
263,176,0.086538,0,17,26,0,0,0
265,255,0.085584,0,26,72,0,0,0
266,256,0.084798,0,36,39,0,0,0
254,231,0.081054,0,37,25,0,0,0
190,184,0.080998,0,18,50,0,0,0
269,251,0.079882,0,26,26,0,0,0
271,251,0.079765,0,24,26,0,0,0
253,231,0.078609,0,25,25,0,0,0
237,209,0.078547,0,46,43,0,0,0
263,199,0.078267,0,17,14,0,0,0
261,203,0.077593,0,37,29,0,0,0
201,184,0.077094,0,34,50,0,0,0
272,251,0.075834,0,18,26,0,0,0
274,268,0.07387,0,19,23,999,0,0
240,212,0.073582,0,23,32,0,0,0
265,252,0.072634,0,26,19,0,0,0
214,186,0.072212,0,19,17,0,0,0
271,249,0.071269,0,24,18,0,0,0
201,187,0.071026,0,34,50,0,0,0
217,180,0.070653,0,64,37,0,0,0
268,261,0.070638,0,23,37,999,0,0
258,184,0.070293,0,16,50,0,0,0
257,230,0.069728,0,35,17,0,0,0
274,229,0.069723,0,19,16,0,0,0
213,190,0.068921,0,30,18,0,0,0
269,261,0.068746,0,26,37,999,0,0
269,256,0.068258,0,26,39,0,0,0
274,179,0.066655,0,19,40,0,0,0
266,258,0.066063,0,36,16,0,0,0
230,203,0.065708,0,17,29,0,0,0
265,251,0.065386,0,26,26,0,0,0
271,263,0.065152,0,24,17,999,0,0
237,213,0.065041,0,46,30,0,0,0
199,190,0.064899,0,14,18,0,0,0
268,251,0.064839,0,23,26,0,0,0
190,183,0.064605,0,18,29,0,0,0
238,208,0.064057,0,41,61,0,0,0
210,202,0.063476,0,26,42,999,0,0
201,190,0.063381,0,34,18,0,0,0
198,179,0.06338,0,41,40,0,0,0
236,209,0.063379,0,19,43,0,0,0
274,251,0.063107,0,19,26,0,0,0
217,209,0.062062,0,64,43,999,0,0
240,209,0.061925,0,23,43,0,0,0
249,239,0.061489,0,18,18,0,0,0
264,250,0.060975,0,35,30,0,0,0
219,213,0.060815,0,20,30,0,0,0
258,252,0.0603,0,16,19,0,0,0
271,260,0.06028,0,24,19,0,0,0
229,199,0.059972,0,16,14,0,0,0
274,249,0.059923,0,19,18,0,0,0
272,264,0.059771,0,18,35,999,0,0
234,208,0.059639,0,19,61,0,0,0
272,265,0.059538,0,18,26,999,0,0
268,252,0.05919,0,23,19,0,0,0
199,180,0.057962,0,14,37,0,0,0
250,199,0.057776,0,30,14,0,0,0
234,205,0.057742,0,19,91,0,0,0
233,206,0.057688,0,81,26,0,0,0
261,252,0.05763,0,37,19,0,0,0
216,199,0.057555,0,16,14,0,0,0
253,234,0.057463,0,25,19,0,0,0
269,241,0.057089,0,26,41,0,0,0
205,182,0.057014,0,91,88,0,0,0
258,249,0.057007,0,16,18,0,0,0
193,184,0.056972,0,16,50,0,0,0
195,184,0.056946,0,32,50,0,0,0
216,201,0.056923,0,16,34,0,0,0
225,209,0.056921,0,25,43,0,0,0
236,229,0.05688,0,19,16,999,0,0
220,213,0.056611,0,27,30,0,0,0
237,202,0.056511,0,46,42,0,0,0
235,224,0.056462,0,28,34,0,0,0
216,175,0.05628,0,16,17,0,0,0
185,179,0.055793,0,18,40,999,0,0
271,261,0.055765,0,24,37,999,0,0
251,208,0.055717,0,26,61,0,0,0
194,188,0.055543,0,15,14,0,0,0
265,258,0.055496,0,26,16,0,0,0
201,180,0.055317,0,34,37,0,0,0
270,179,0.055068,0,31,40,0,0,0
271,258,0.055061,0,24,16,0,0,0
258,244,0.054658,0,16,9,0,0,0
274,263,0.054637,0,19,17,999,0,0
238,230,0.054527,0,41,17,999,0,0
263,252,0.054507,0,17,19,0,0,0
215,186,0.05431,0,37,17,0,0,0
209,201,0.054222,0,43,34,0,0,0
253,235,0.054138,0,25,28,0,0,0
271,179,0.053995,0,24,40,0,0,0
222,213,0.053891,0,14,30,0,0,0
272,266,0.053783,0,18,36,999,0,0
249,241,0.053471,0,18,41,0,0,0
266,234,0.053173,0,36,19,0,0,0
233,220,0.053114,0,81,27,0,0,0
273,266,0.053076,0,48,36,999,0,0
274,250,0.053022,0,19,30,0,0,0
271,250,0.052777,0,24,30,0,0,0
268,229,0.052729,0,23,16,0,0,0
234,203,0.052727,0,19,29,0,0,0
237,212,0.052446,0,46,32,0,0,0
199,178,0.052073,0,14,19,0,0,0
250,201,0.052044,0,30,34,0,0,0
274,236,0.052042,0,19,19,0,0,0
262,253,0.051969,0,34,25,0,0,0
252,201,0.051846,0,19,34,0,0,0
264,258,0.051837,0,35,16,0,0,0
237,186,0.051721,0,46,17,0,0,0
263,230,0.05158,0,17,17,0,0,0
270,264,0.051572,0,31,35,999,0,0
244,209,0.051536,0,9,43,0,0,0
243,236,0.051535,0,24,19,999,0,0
221,213,0.051526,0,28,30,0,0,0
184,178,0.051514,0,50,19,999,0,0
214,201,0.051513,0,19,34,999,0,0
241,201,0.05132,0,41,34,0,0,0
274,240,0.051276,0,19,23,0,0,0
263,234,0.051253,0,17,19,0,0,0
270,182,0.051192,0,31,88,0,0,0
229,201,0.051169,0,16,34,0,0,0
252,231,0.051166,0,19,25,0,0,0
261,254,0.051127,0,37,37,0,0,0
229,209,0.051069,0,16,43,0,0,0
269,250,0.050996,0,26,30,0,0,0
210,184,0.05097,0,26,50,0,0,0
249,229,0.050926,0,18,16,0,0,0
245,219,0.050838,0,33,20,0,0,0
201,193,0.050712,0,34,16,0,0,0
271,264,0.050709,0,24,35,999,0,0
265,254,0.050695,0,26,37,0,0,0
269,245,0.05065,0,26,33,0,0,0
276,216,0.05042,0,15,16,0,0,0
236,214,0.050247,0,19,19,0,0,0
213,201,0.050239,0,30,34,999,0,0
272,199,0.050234,0,18,14,0,0,0
189,183,0.050067,0,18,29,0,0,0
216,209,0.05004,0,16,43,999,0,0
240,230,0.050032,0,23,17,999,0,0
206,187,0.049927,0,26,50,0,0,0
222,210,0.049913,0,14,26,0,0,0
252,235,0.049778,0,19,28,0,0,0
219,210,0.049747,0,20,26,0,0,0
267,261,0.049697,0,45,37,0,0,0
264,249,0.049655,0,35,18,0,0,0
251,237,0.049613,0,26,46,0,0,0
258,230,0.049604,0,16,17,0,0,0
250,240,0.049523,0,30,23,0,0,0
214,188,0.04932,0,19,14,0,0,0
269,249,0.049245,0,26,18,0,0,0
240,232,0.04913,0,23,41,999,0,0
240,231,0.048976,0,23,25,999,0,0
187,181,0.048911,0,50,13,999,0,0
274,242,0.048874,0,19,23,0,0,0
236,220,0.048837,0,19,27,0,0,0
207,195,0.048837,0,29,32,0,0,0
256,230,0.048816,0,39,17,0,0,0
248,241,0.048799,0,24,41,0,0,0
252,238,0.048764,0,19,41,0,0,0
252,208,0.048758,0,19,61,0,0,0
186,178,0.048711,0,17,19,999,0,0
230,194,0.048607,0,17,15,0,0,0
263,179,0.04855,0,17,40,0,0,0
251,229,0.048537,0,26,16,0,0,0
274,252,0.048537,0,19,19,0,0,0
258,237,0.048518,0,16,46,0,0,0
250,238,0.048505,0,30,41,0,0,0
268,249,0.048501,0,23,18,0,0,0
223,216,0.048447,0,15,16,0,0,0
199,179,0.048434,0,14,40,0,0,0
250,234,0.048382,0,30,19,0,0,0
269,262,0.048308,0,26,34,999,0,0
202,192,0.048235,0,42,14,0,0,0
272,203,0.048213,0,18,29,0,0,0
209,175,0.048132,0,43,17,0,0,0
245,199,0.048123,0,33,14,0,0,0
251,245,0.048089,0,26,33,0,0,0
245,218,0.047979,0,33,27,0,0,0
191,185,0.04794,0,7,18,0,0,0
269,248,0.047766,0,26,24,0,0,0
248,242,0.047661,0,24,23,0,0,0
225,210,0.047571,0,25,26,0,0,0
257,251,0.047439,0,35,26,0,0,0
219,212,0.047348,0,20,32,0,0,0
240,225,0.047317,0,23,25,0,0,0
251,230,0.047311,0,26,17,0,0,0
239,229,0.0473,0,18,16,999,0,0
222,209,0.047204,0,14,43,0,0,0
274,257,0.047174,0,19,35,0,0,0
260,252,0.047016,0,19,19,0,0,0
247,237,0.046977,0,34,46,0,0,0
272,230,0.046959,0,18,17,0,0,0
242,236,0.046944,0,23,19,999,0,0
222,216,0.046929,0,14,16,0,0,0
195,183,0.046907,0,32,29,0,0,0
271,234,0.046779,0,24,19,0,0,0
187,180,0.046709,0,50,37,999,0,0
265,250,0.046707,0,26,30,0,0,0
201,189,0.046614,0,34,18,0,0,0
260,240,0.046604,0,19,23,0,0,0
267,258,0.046596,0,45,16,0,0,0
209,203,0.046551,0,43,29,999,0,0
264,230,0.04653,0,35,17,0,0,0
247,241,0.046453,0,34,41,0,0,0
258,251,0.046446,0,16,26,0,0,0
233,209,0.046375,0,81,43,0,0,0
263,251,0.046356,0,17,26,0,0,0
269,263,0.046326,0,26,17,999,0,0
216,190,0.046283,0,16,18,0,0,0
214,181,0.046264,0,19,13,0,0,0
182,175,0.046255,0,88,17,999,0,0
252,236,0.046242,0,19,19,0,0,0
257,229,0.046221,0,35,16,0,0,0
219,207,0.046213,0,20,29,0,0,0
264,255,0.046164,0,35,72,0,0,0
267,249,0.046151,0,45,18,0,0,0
250,231,0.046093,0,30,25,0,0,0
249,210,0.045966,0,18,26,0,0,0
229,194,0.045938,0,16,15,0,0,0
222,190,0.045906,0,14,18,0,0,0
271,252,0.045905,0,24,19,0,0,0
208,202,0.045877,0,61,42,0,0,0
240,219,0.04584,0,23,20,0,0,0
266,251,0.04584,0,36,26,0,0,0
194,185,0.045796,0,15,18,0,0,0
230,209,0.045724,0,17,43,0,0,0
252,232,0.045717,0,19,41,0,0,0
261,201,0.045693,0,37,34,0,0,0
264,252,0.045679,0,35,19,0,0,0
249,234,0.045659,0,18,19,0,0,0
264,251,0.04564,0,35,26,0,0,0
256,234,0.045595,0,39,19,0,0,0
233,192,0.045567,0,81,14,0,0,0
188,181,0.045565,0,14,13,999,0,0
249,231,0.045542,0,18,25,0,0,0
220,209,0.04552,0,27,43,0,0,0
225,206,0.04542,0,25,26,0,0,0
222,192,0.045408,0,14,14,0,0,0
272,252,0.045393,0,18,19,0,0,0
275,231,0.045301,0,22,25,0,0,0
249,178,0.045287,0,18,19,0,0,0
208,183,0.045284,0,61,29,0,0,0
194,186,0.045247,0,15,17,0,0,0
212,177,0.04519,0,32,24,0,0,0
214,207,0.045183,0,19,29,999,0,0
262,202,0.045172,0,34,42,0,0,0
263,216,0.045147,0,17,16,0,0,0
268,250,0.045146,0,23,30,0,0,0
240,213,0.04514,0,23,30,0,0,0
254,240,0.045118,0,37,23,0,0,0
240,224,0.045112,0,23,34,0,0,0
245,216,0.045108,0,33,16,0,0,0
275,229,0.045022,0,22,16,0,0,0
234,216,0.045003,0,19,16,0,0,0
267,257,0.044968,0,45,35,0,0,0
272,263,0.044959,0,18,17,999,0,0
210,183,0.044952,0,26,29,0,0,0
275,235,0.044896,0,22,28,0,0,0
207,180,0.044853,0,29,37,0,0,0
224,218,0.044852,0,34,27,0,0,0
206,199,0.044804,0,26,14,0,0,0
264,257,0.044791,0,35,35,0,0,0
199,192,0.04479,0,14,14,0,0,0
230,216,0.044784,0,17,16,0,0,0
268,210,0.044748,0,23,26,0,0,0
219,190,0.044708,0,20,18,0,0,0
250,219,0.044683,0,30,20,0,0,0
272,250,0.044618,0,18,30,0,0,0
206,194,0.044615,0,26,15,0,0,0
224,209,0.044578,0,34,43,0,0,0
193,185,0.044431,0,16,18,0,0,0
240,216,0.044351,0,23,16,0,0,0
186,179,0.044339,0,17,40,999,0,0
261,198,0.044272,0,37,41,0,0,0
268,199,0.044259,0,23,14,0,0,0
214,190,0.044257,0,19,18,0,0,0
209,199,0.044243,0,43,14,0,0,0
196,181,0.044243,0,18,13,0,0,0
240,218,0.044236,0,23,27,0,0,0
237,210,0.044181,0,46,26,0,0,0
260,250,0.044174,0,19,30,0,0,0
265,199,0.044157,0,26,14,0,0,0
276,252,0.044148,0,15,19,0,0,0
203,193,0.044124,0,29,16,0,0,0
270,261,0.04409,0,31,37,999,0,0
264,199,0.044032,0,35,14,0,0,0
229,223,0.043947,0,16,15,0,0,0
222,206,0.043928,0,14,26,0,0,0
254,233,0.043924,0,37,81,0,0,0
256,209,0.043902,0,39,43,0,0,0
201,178,0.043896,0,34,19,0,0,0
275,267,0.043779,0,22,45,999,0,0
210,203,0.043779,0,26,29,999,0,0
235,229,0.043612,0,28,16,999,0,0
251,241,0.043576,0,26,41,0,0,0
252,240,0.043545,0,19,23,0,0,0
193,186,0.04351,0,16,17,0,0,0
260,216,0.043496,0,19,16,0,0,0
249,214,0.043487,0,18,19,0,0,0
249,235,0.043472,0,18,28,0,0,0
243,221,0.043464,0,24,28,0,0,0
210,186,0.043461,0,26,17,0,0,0
210,193,0.043444,0,26,16,0,0,0
252,245,0.043393,0,19,33,0,0,0
201,195,0.043358,0,34,32,0,0,0
251,199,0.043317,0,26,14,0,0,0
234,213,0.043313,0,19,30,0,0,0
225,199,0.04327,0,25,14,0,0,0
188,182,0.043195,0,14,88,999,0,0
213,193,0.04319,0,30,16,0,0,0
201,179,0.043157,0,34,40,0,0,0
272,248,0.04311,0,18,24,0,0,0
271,253,0.043108,0,24,25,0,0,0
254,218,0.043035,0,37,27,0,0,0
272,240,0.043013,0,18,23,0,0,0
275,186,0.042997,0,22,17,0,0,0
248,203,0.042989,0,24,29,0,0,0
226,218,0.042979,0,13,27,0,0,0
265,196,0.042974,0,26,18,0,0,0
248,232,0.042954,0,24,41,0,0,0
216,203,0.04294,0,16,29,999,0,0
243,222,0.042932,0,24,14,0,0,0
275,181,0.042886,0,22,13,0,0,0
240,217,0.042877,0,23,64,0,0,0
207,201,0.042869,0,29,34,0,0,0
275,223,0.042861,0,22,15,0,0,0
249,216,0.04284,0,18,16,0,0,0
210,178,0.042828,0,26,19,0,0,0
260,219,0.042827,0,19,20,0,0,0
275,249,0.042785,0,22,18,0,0,0
268,233,0.042781,0,23,81,0,0,0
207,199,0.042694,0,29,14,0,0,0
248,236,0.042677,0,24,19,0,0,0
194,187,0.042673,0,15,50,0,0,0
242,200,0.042673,0,23,22,0,0,0
238,199,0.042637,0,41,14,0,0,0
230,219,0.042627,0,17,20,0,0,0
206,183,0.042587,0,26,29,0,0,0
274,265,0.042545,0,19,26,999,0,0
216,181,0.042502,0,16,13,0,0,0
268,198,0.042484,0,23,41,0,0,0
263,198,0.042452,0,17,41,0,0,0
274,212,0.042392,0,19,32,0,0,0
250,235,0.04238,0,30,28,0,0,0
235,199,0.042341,0,28,14,0,0,0
260,254,0.042314,0,19,37,0,0,0
219,201,0.042301,0,20,34,0,0,0
232,203,0.04226,0,41,29,0,0,0
260,249,0.042221,0,19,18,0,0,0
231,194,0.042218,0,25,15,0,0,0
271,200,0.042214,0,24,22,0,0,0
271,262,0.042211,0,24,34,999,0,0
224,213,0.042197,0,34,30,0,0,0
237,179,0.042192,0,46,40,0,0,0
234,199,0.042174,0,19,14,0,0,0
271,245,0.042156,0,24,33,0,0,0
263,257,0.042145,0,17,35,0,0,0
248,222,0.042115,0,24,14,0,0,0
241,178,0.042093,0,41,19,0,0,0
268,260,0.042092,0,23,19,0,0,0
250,218,0.042052,0,30,27,0,0,0
274,234,0.042042,0,19,19,0,0,0
265,178,0.042038,0,26,19,0,0,0
236,228,0.042033,0,19,14,999,0,0
230,206,0.042022,0,17,26,0,0,0
271,199,0.04197,0,24,14,0,0,0
231,199,0.041951,0,25,14,0,0,0
271,178,0.041923,0,24,19,0,0,0
264,242,0.041911,0,35,23,0,0,0
229,216,0.041875,0,16,16,0,0,0
268,253,0.041855,0,23,25,0,0,0
199,189,0.041851,0,14,18,0,0,0
274,213,0.041844,0,19,30,0,0,0
234,220,0.04182,0,19,27,0,0,0
264,247,0.041814,0,35,34,0,0,0
275,214,0.041749,0,22,19,0,0,0
261,249,0.041723,0,37,18,0,0,0
236,180,0.041711,0,19,37,0,0,0
264,216,0.04171,0,35,16,0,0,0
251,210,0.04166,0,26,26,0,0,0
216,206,0.041632,0,16,26,999,0,0
210,199,0.041612,0,26,14,0,0,0
236,199,0.041611,0,19,14,0,0,0
200,186,0.041591,0,22,17,0,0,0
225,218,0.041571,0,25,27,0,0,0
252,216,0.041558,0,19,16,0,0,0
249,236,0.041495,0,18,19,0,0,0
266,255,0.041484,0,36,72,0,0,0
275,261,0.04147,0,22,37,999,0,0
236,222,0.041466,0,19,14,0,0,0
221,210,0.04145,0,28,26,0,0,0
236,213,0.041383,0,19,30,0,0,0
236,216,0.041379,0,19,16,0,0,0
250,214,0.041376,0,30,19,0,0,0
199,188,0.041337,0,14,14,0,0,0
186,180,0.041301,0,17,37,999,0,0
263,188,0.041289,0,17,14,0,0,0
224,216,0.04126,0,34,16,0,0,0
272,222,0.041235,0,18,14,0,0,0
217,195,0.041214,0,64,32,0,0,0
270,263,0.041198,0,31,17,999,0,0
265,229,0.041196,0,26,16,0,0,0
268,180,0.041116,0,23,37,0,0,0
261,207,0.041081,0,37,29,0,0,0
223,210,0.041069,0,15,26,0,0,0
222,181,0.041048,0,14,13,0,0,0
253,230,0.041037,0,25,17,0,0,0
216,188,0.04099,0,16,14,0,0,0
264,201,0.040987,0,35,34,0,0,0
268,186,0.040986,0,23,17,0,0,0
241,190,0.040967,0,41,18,0,0,0
197,186,0.040925,0,33,17,0,0,0
251,231,0.040827,0,26,25,0,0,0
214,189,0.040822,0,19,18,0,0,0
223,179,0.040817,0,15,40,0,0,0
249,237,0.040795,0,18,46,0,0,0
249,230,0.040794,0,18,17,0,0,0
249,232,0.040758,0,18,41,0,0,0
251,215,0.040753,0,26,37,0,0,0
272,254,0.040739,0,18,37,0,0,0
187,179,0.040718,0,50,40,999,0,0
239,230,0.040698,0,18,17,999,0,0
214,202,0.040665,0,19,42,999,0,0
224,181,0.040642,0,34,13,0,0,0
276,262,0.040629,0,15,34,999,0,0
230,185,0.040599,0,17,18,0,0,0
203,178,0.040594,0,29,19,0,0,0
230,181,0.040588,0,17,13,0,0,0
192,186,0.0405,0,14,17,0,0,0
268,222,0.040491,0,23,14,0,0,0
236,230,0.040489,0,19,17,999,0,0
275,263,0.040474,0,22,17,999,0,0
236,221,0.04043,0,19,28,0,0,0
250,203,0.040399,0,30,29,0,0,0
260,236,0.040394,0,19,19,0,0,0
197,180,0.040372,0,33,37,0,0,0
264,253,0.040364,0,35,25,0,0,0
241,214,0.040363,0,41,19,0,0,0
237,201,0.040355,0,46,34,0,0,0
271,229,0.040342,0,24,16,0,0,0
261,190,0.04034,0,37,18,0,0,0
276,231,0.040303,0,15,25,0,0,0
219,195,0.040281,0,20,32,0,0,0
264,191,0.040259,0,35,7,0,0,0
251,240,0.040258,0,26,23,0,0,0
236,226,0.040245,0,19,13,0,0,0
251,186,0.040225,0,26,17,0,0,0
190,181,0.040208,0,18,13,0,0,0
218,177,0.040199,0,27,24,0,0,0
271,210,0.040192,0,24,26,0,0,0
201,185,0.040177,0,34,18,0,0,0
230,204,0.040172,0,17,68,0,0,0
201,186,0.040146,0,34,17,0,0,0
257,232,0.040063,0,35,41,0,0,0
242,230,0.04006,0,23,17,999,0,0
250,229,0.040057,0,30,16,0,0,0
199,193,0.040029,0,14,16,0,0,0
251,213,0.040025,0,26,30,0,0,0
252,230,0.040021,0,19,17,0,0,0
263,254,0.040018,0,17,37,0,0,0
268,255,0.040017,0,23,72,0,0,0
250,230,0.040007,0,30,17,0,0,0
268,235,0.039998,0,23,28,0,0,0
216,194,0.039989,0,16,15,0,0,0
225,216,0.039985,0,25,16,0,0,0
263,250,0.039971,0,17,30,0,0,0
261,206,0.039896,0,37,26,0,0,0
213,192,0.039888,0,30,14,0,0,0
250,244,0.039884,0,30,9,0,0,0
248,186,0.0398,0,24,17,0,0,0
258,232,0.03979,0,16,41,0,0,0
252,229,0.039784,0,19,16,0,0,0
199,184,0.039775,0,14,50,0,0,0
209,196,0.039772,0,43,18,0,0,0
258,199,0.039758,0,16,14,0,0,0
203,188,0.039749,0,29,14,0,0,0
275,225,0.039748,0,22,25,0,0,0
214,178,0.039741,0,19,19,0,0,0
245,203,0.039692,0,33,29,0,0,0
236,194,0.039686,0,19,15,0,0,0
272,262,0.039658,0,18,34,999,0,0
265,234,0.03964,0,26,19,0,0,0
263,249,0.039627,0,17,18,0,0,0
243,232,0.039611,0,24,41,999,0,0
237,231,0.039556,0,46,25,999,0,0
217,210,0.039554,0,64,26,999,0,0
274,261,0.039545,0,19,37,999,0,0
262,182,0.039538,0,34,88,0,0,0
268,248,0.039533,0,23,24,0,0,0
268,258,0.039528,0,23,16,0,0,0
207,183,0.039511,0,29,29,0,0,0
265,230,0.039503,0,26,17,0,0,0
