AA_position1,AA_at_pos1,AA_position2,AA_at_position2,MI_Score,DI_Score
97,V,98,A,0.269207,0.230388
97,V,99,L,0.169267,0.0280958
97,V,100,Y,0.153874,0.0347941
97,V,101,D,0.0955648,0.0140435
97,V,102,Y,0.0613823,0.0103241
97,V,103,E,0.0801113,0.0123325
97,V,104,A,0.0675545,0.0135357
97,V,105,R,0.0823171,0.0183033
97,V,106,T,0.0787224,0.01837
97,V,107,T,0.048014,0.0106076
97,V,108,E,0.0537383,0.0104986
97,V,109,D,0.0905951,0.0190355
97,V,110,L,0.0253553,0.00872714
97,V,111,S,0.044322,0.0113628
97,V,112,F,0.0350233,0.00706005
97,V,113,K,0.0554375,0.0257202
97,V,114,K,0.0686342,0.0191657
97,V,115,G,0.0369473,0.0272539
97,V,116,E,0.041282,0.0162935
97,V,117,R,0.116629,0.0497385
97,V,118,F,0.0299389,0.00738705
97,V,119,Q,0.0559191,0.0138338
97,V,120,I,0.0425438,0.0169922
97,V,121,I,0.0658631,0.0231993
97,V,122,N,0.0548114,0.0226889
97,V,123,N,0.0608252,0.0218198
97,V,124,T,0.0717567,0.0256852
97,V,125,E,0.0663902,0.0148144
97,V,126,G,0.0391735,0.013701
97,V,127,D,0.0586024,0.0163154
97,V,128,W,0.0139353,0.0397246
97,V,129,W,0.0496522,0.0130895
97,V,130,E,0.0547694,0.0181688
97,V,131,A,0.0319134,0.00858522
97,V,132,R,0.0577224,0.0167548
97,V,133,S,0.0521237,0.014159
97,V,134,I,0.0622338,0.0241411
97,V,135,A,0.0472848,0.0120531
97,V,136,T,0.0422197,0.00921907
97,V,137,G,0.0442599,0.00885833
97,V,138,K,0.0518579,0.0142054
97,V,139,N,0.0508464,0.0115465
97,V,140,G,0.0221506,0.023191
97,V,141,Y,0.0500565,0.0141112
97,V,142,I,0.0485161,0.0182155
97,V,143,P,0.00552802,0.0357525
97,V,144,S,0.0271999,0.0161673
98,A,99,L,0.251919,0.194488
98,A,100,Y,0.179321,0.0619774
98,A,101,D,0.128125,0.0169904
98,A,102,Y,0.0892226,0.025024
98,A,103,E,0.0912141,0.00824067
98,A,104,A,0.0748881,0.0116549
98,A,105,R,0.0732374,0.00588658
98,A,106,T,0.0701389,0.0144454
98,A,107,T,0.0440064,0.00613293
98,A,108,E,0.0625897,0.0120724
98,A,109,D,0.0571437,0.0154615
98,A,110,L,0.0182488,0.0118808
98,A,111,S,0.044749,0.0167632
98,A,112,F,0.138401,0.107994
98,A,113,K,0.0313769,0.00975892
98,A,114,K,0.0281219,0.0109617
98,A,115,G,0.0212308,0.0334543
98,A,116,E,0.0368356,0.0376474
98,A,117,R,0.0342417,0.0145252
98,A,118,F,0.0573144,0.0332023
98,A,119,Q,0.0265489,0.0107873
98,A,120,I,0.0174351,0.0153339
98,A,121,I,0.0317871,0.00681129
98,A,122,N,0.0217463,0.0135592
98,A,123,N,0.0268996,0.00974463
98,A,124,T,0.0346287,0.0106025
98,A,125,E,0.0306563,0.00983211
98,A,126,G,0.0287387,0.00832652
98,A,127,D,0.0408599,0.0110706
98,A,128,W,0.00520039,0.0925286
98,A,129,W,0.0272926,0.00922205
98,A,130,E,0.0383168,0.00918272
98,A,131,A,0.0345998,0.0244413
98,A,132,R,0.0285201,0.0123252
98,A,133,S,0.0297709,0.0062799
98,A,134,I,0.0306375,0.0130371
98,A,135,A,0.0260236,0.01061
98,A,136,T,0.0298076,0.00716787
98,A,137,G,0.025094,0.00983982
98,A,138,K,0.0351695,0.0116336
98,A,139,N,0.0264079,0.00899375
98,A,140,G,0.0132717,0.0590179
98,A,141,Y,0.043882,0.0200385
98,A,142,I,0.0160293,0.0116933
98,A,143,P,0.00235254,0.0767504
98,A,144,S,0.0149225,0.0131754
99,L,100,Y,0.340632,0.254839
99,L,101,D,0.230572,0.0801215
99,L,102,Y,0.135509,0.0221137
99,L,103,E,0.190498,0.0227655
99,L,104,A,0.149911,0.0135366
99,L,105,R,0.161081,0.0198771
99,L,106,T,0.164082,0.0216139
99,L,107,T,0.12706,0.0171369
99,L,108,E,0.134033,0.0212292
99,L,109,D,0.0982229,0.0185929
99,L,110,L,0.0595318,0.0150447
99,L,111,S,0.104382,0.0193088
99,L,112,F,0.0441243,0.0148556
99,L,113,K,0.104944,0.0167227
99,L,114,K,0.103844,0.0175634
99,L,115,G,0.0547723,0.014604
99,L,116,E,0.0650693,0.0141583
99,L,117,R,0.0988475,0.0156688
99,L,118,F,0.0573105,0.0113511
99,L,119,Q,0.125711,0.0230266
99,L,120,I,0.0681348,0.015376
99,L,121,I,0.0892791,0.0139526
99,L,122,N,0.100551,0.0226575
99,L,123,N,0.113602,0.0218459
99,L,124,T,0.130848,0.0306713
99,L,125,E,0.11214,0.0226433
99,L,126,G,0.0954679,0.0148607
99,L,127,D,0.106824,0.0198244
99,L,128,W,0.0124124,0.015306
99,L,129,W,0.0835946,0.0150262
99,L,130,E,0.114084,0.023553
99,L,131,A,0.0572635,0.00856518
99,L,132,R,0.110295,0.0160465
99,L,133,S,0.113324,0.0170971
99,L,134,I,0.105725,0.0171412
99,L,135,A,0.100546,0.0147604
99,L,136,T,0.0694104,0.0156801
99,L,137,G,0.0848749,0.0144107
99,L,138,K,0.0912883,0.0118914
99,L,139,N,0.107072,0.0202129
99,L,140,G,0.0177502,0.00707668
99,L,141,Y,0.0935649,0.0145896
99,L,142,I,0.0523571,0.0079572
99,L,143,P,0.00681256,0.0178011
99,L,144,S,0.0402249,0.0102049
100,Y,101,D,0.250826,0.158295
100,Y,102,Y,0.164027,0.0726121
100,Y,103,E,0.209826,0.0344085
100,Y,104,A,0.163029,0.0269081
100,Y,105,R,0.196992,0.0247077
100,Y,106,T,0.196575,0.0312262
100,Y,107,T,0.138526,0.0198039
100,Y,108,E,0.133704,0.0216109
100,Y,109,D,0.106893,0.0136907
100,Y,110,L,0.057129,0.0160437
100,Y,111,S,0.0986138,0.0124488
100,Y,112,F,0.0585358,0.00752499
100,Y,113,K,0.0995198,0.0121062
100,Y,114,K,0.109507,0.0259107
100,Y,115,G,0.0464301,0.00717624
100,Y,116,E,0.0711392,0.0115001
100,Y,117,R,0.11892,0.0234502
100,Y,118,F,0.0693391,0.0170311
100,Y,119,Q,0.131781,0.0225611
100,Y,120,I,0.0618494,0.0162175
100,Y,121,I,0.087129,0.0144868
100,Y,122,N,0.101399,0.0145432
100,Y,123,N,0.127332,0.0201034
100,Y,124,T,0.143338,0.0273103
100,Y,125,E,0.126757,0.017762
100,Y,126,G,0.109931,0.0165097
100,Y,127,D,0.113707,0.0198272
100,Y,128,W,0.0272869,0.0689664
100,Y,129,W,0.0977829,0.0127189
100,Y,130,E,0.144059,0.0321779
100,Y,131,A,0.0630079,0.00974166
100,Y,132,R,0.113601,0.0142327
100,Y,133,S,0.120727,0.0173035
100,Y,134,I,0.111738,0.014358
100,Y,135,A,0.110952,0.0199124
100,Y,136,T,0.0685971,0.0098327
100,Y,137,G,0.0851014,0.0173282
100,Y,138,K,0.0967257,0.0130084
100,Y,139,N,0.115471,0.0187169
100,Y,140,G,0.0224357,0.0134523
100,Y,141,Y,0.11832,0.0255804
100,Y,142,I,0.0686452,0.0151568
100,Y,143,P,0.00861927,0.046755
100,Y,144,S,0.0570071,0.0189634
101,D,102,Y,0.184635,0.127926
101,D,103,E,0.230162,0.0865526
101,D,104,A,0.16399,0.033622
101,D,105,R,0.165757,0.0291272
101,D,106,T,0.165922,0.0250831
101,D,107,T,0.118984,0.0155981
101,D,108,E,0.132097,0.0173873
101,D,109,D,0.104439,0.0195038
101,D,110,L,0.0515305,0.0109195
101,D,111,S,0.100854,0.0147376
101,D,112,F,0.0527422,0.0130166
101,D,113,K,0.197939,0.0901181
101,D,114,K,0.143399,0.0444965
101,D,115,G,0.0529842,0.0126486
101,D,116,E,0.0674577,0.0119534
101,D,117,R,0.0975709,0.0162127
101,D,118,F,0.0397153,0.0128591
101,D,119,Q,0.0913767,0.0241835
101,D,120,I,0.0580547,0.00896734
101,D,121,I,0.10124,0.0180442
101,D,122,N,0.0805368,0.0164023
101,D,123,N,0.100367,0.0166717
101,D,124,T,0.118435,0.026744
101,D,125,E,0.0918104,0.0203931
101,D,126,G,0.0812711,0.016192
101,D,127,D,0.103855,0.0239653
101,D,128,W,0.0155005,0.0145067
101,D,129,W,0.0790959,0.0202949
101,D,130,E,0.0953526,0.0161247
101,D,131,A,0.0595976,0.0147658
101,D,132,R,0.10351,0.0198463
101,D,133,S,0.118508,0.0183811
101,D,134,I,0.0883432,0.0168712
101,D,135,A,0.098859,0.0164143
101,D,136,T,0.0665918,0.0116727
101,D,137,G,0.0682336,0.0104712
101,D,138,K,0.087831,0.0121244
101,D,139,N,0.0889481,0.0155468
101,D,140,G,0.0277325,0.0106388
101,D,141,Y,0.081428,0.0137313
101,D,142,I,0.0526736,0.0146545
101,D,143,P,0.0076057,0.00980422
101,D,144,S,0.0375237,0.0105203
102,Y,103,E,0.201337,0.138649
102,Y,104,A,0.174071,0.0811422
102,Y,105,R,0.19909,0.0750944
102,Y,106,T,0.141865,0.0283889
102,Y,107,T,0.0846488,0.0130136
102,Y,108,E,0.107379,0.0353861
102,Y,109,D,0.0886726,0.0291759
102,Y,110,L,0.0359889,0.0101439
102,Y,111,S,0.0704567,0.0258451
102,Y,112,F,0.0560268,0.0254863
102,Y,113,K,0.0638218,0.0168087
102,Y,114,K,0.0472281,0.0146364
102,Y,115,G,0.0154618,0.014478
102,Y,116,E,0.0316451,0.00702442
102,Y,117,R,0.0440624,0.0099257
102,Y,118,F,0.0344855,0.0173321
102,Y,119,Q,0.0568508,0.0111543
102,Y,120,I,0.0558069,0.0218314
102,Y,121,I,0.0439495,0.00713928
102,Y,122,N,0.051536,0.0108399
102,Y,123,N,0.0713008,0.0180034
102,Y,124,T,0.0758963,0.0152826
102,Y,125,E,0.0731131,0.0206046
102,Y,126,G,0.0617059,0.0189329
102,Y,127,D,0.0823379,0.0463626
102,Y,128,W,0.0119959,0.0811874
102,Y,129,W,0.0460189,0.0230284
102,Y,130,E,0.0619636,0.0125253
102,Y,131,A,0.0505516,0.036645
102,Y,132,R,0.0610161,0.0133637
102,Y,133,S,0.0610919,0.0147341
102,Y,134,I,0.0678249,0.0174941
102,Y,135,A,0.0520402,0.00870713
102,Y,136,T,0.0422023,0.0117122
102,Y,137,G,0.0438982,0.0111328
102,Y,138,K,0.0510838,0.0100027
102,Y,139,N,0.0442167,0.00700326
102,Y,140,G,0.0260839,0.0406113
102,Y,141,Y,0.0534359,0.0129731
102,Y,142,I,0.0326504,0.0154611
102,Y,143,P,0.00833399,0.0492474
102,Y,144,S,0.0425549,0.0228557
103,E,104,A,0.218545,0.101335
103,E,105,R,0.217813,0.0652004
103,E,106,T,0.209658,0.0400298
103,E,107,T,0.147081,0.01975
103,E,108,E,0.159866,0.0226325
103,E,109,D,0.150569,0.0193849
103,E,110,L,0.0622672,0.01411
103,E,111,S,0.15616,0.0246878
103,E,112,F,0.0599158,0.0119091
103,E,113,K,0.135435,0.0348845
103,E,114,K,0.118444,0.0313015
103,E,115,G,0.0765858,0.019681
103,E,116,E,0.0737255,0.012349
103,E,117,R,0.125919,0.0216145
103,E,118,F,0.0496577,0.0172851
103,E,119,Q,0.115438,0.0224931
103,E,120,I,0.0680359,0.00889275
103,E,121,I,0.0993762,0.0176861
103,E,122,N,0.110357,0.0231872
103,E,123,N,0.120384,0.0212877
103,E,124,T,0.139682,0.0331719
103,E,125,E,0.11889,0.0214962
103,E,126,G,0.125661,0.0241053
103,E,127,D,0.126939,0.0219701
103,E,128,W,0.0207089,0.00512689
103,E,129,W,0.0957908,0.0141942
103,E,130,E,0.118663,0.0217745
103,E,131,A,0.0619925,0.0141568
103,E,132,R,0.138295,0.0231329
103,E,133,S,0.117009,0.0202436
103,E,134,I,0.130401,0.0234196
103,E,135,A,0.114895,0.0188449
103,E,136,T,0.0837794,0.0169589
103,E,137,G,0.0869234,0.0131248
103,E,138,K,0.117552,0.0209946
103,E,139,N,0.109837,0.0179817
103,E,140,G,0.0438616,0.0127337
103,E,141,Y,0.0987857,0.0138418
103,E,142,I,0.063175,0.0156185
103,E,143,P,0.00793297,0.00586969
103,E,144,S,0.0452701,0.0140404
104,A,105,R,0.238091,0.118717
104,A,106,T,0.204119,0.0603645
104,A,107,T,0.148278,0.0235462
104,A,108,E,0.157123,0.0368479
104,A,109,D,0.188425,0.0604552
104,A,110,L,0.0578177,0.00761816
104,A,111,S,0.29054,0.164554
104,A,112,F,0.0932457,0.0358794
104,A,113,K,0.0863331,0.0158187
104,A,114,K,0.0853212,0.0165476
104,A,115,G,0.0434031,0.0115064
104,A,116,E,0.0571193,0.00893316
104,A,117,R,0.0837864,0.0118781
104,A,118,F,0.0697683,0.0142558
104,A,119,Q,0.113342,0.019937
104,A,120,I,0.0769187,0.015567
104,A,121,I,0.0805958,0.0148629
104,A,122,N,0.0914038,0.0203743
104,A,123,N,0.109818,0.0152674
104,A,124,T,0.122278,0.0271321
104,A,125,E,0.0862205,0.0177507
104,A,126,G,0.104156,0.0191628
104,A,127,D,0.0905529,0.0143784
104,A,128,W,0.0186527,0.0190418
104,A,129,W,0.0843993,0.0206933
104,A,130,E,0.13276,0.0273599
104,A,131,A,0.0552816,0.0101488
104,A,132,R,0.0974169,0.0129759
104,A,133,S,0.108367,0.0188066
104,A,134,I,0.10175,0.0190399
104,A,135,A,0.0906647,0.011591
104,A,136,T,0.0645177,0.0100133
104,A,137,G,0.0841893,0.0106689
104,A,138,K,0.110394,0.0298142
104,A,139,N,0.107618,0.0186627
104,A,140,G,0.0369783,0.0186618
104,A,141,Y,0.0967451,0.0138495
104,A,142,I,0.0532406,0.00903912
104,A,143,P,0.00679803,0.00787926
104,A,144,S,0.0491182,0.0124317
105,R,106,T,0.291904,0.11151
105,R,107,T,0.169834,0.0336542
105,R,108,E,0.182279,0.0366019
105,R,109,D,0.197275,0.0532874
105,R,110,L,0.0722561,0.0117111
105,R,111,S,0.138026,0.0215554
105,R,112,F,0.0853133,0.016699
105,R,113,K,0.130579,0.0236457
105,R,114,K,0.131209,0.0307273
105,R,115,G,0.0664188,0.00877393
105,R,116,E,0.0863232,0.0168248
105,R,117,R,0.134176,0.0250331
105,R,118,F,0.0725044,0.0209004
105,R,119,Q,0.142976,0.0342138
105,R,120,I,0.0887126,0.0165326
105,R,121,I,0.116543,0.0185964
105,R,122,N,0.13009,0.0255257
105,R,123,N,0.172638,0.0376647
105,R,124,T,0.168254,0.0335191
105,R,125,E,0.148983,0.0301149
105,R,126,G,0.136154,0.02716
105,R,127,D,0.152238,0.0301222
105,R,128,W,0.029948,0.0129113
105,R,129,W,0.115684,0.0222491
105,R,130,E,0.150513,0.0242037
105,R,131,A,0.0711157,0.0248027
105,R,132,R,0.13246,0.0253189
105,R,133,S,0.152346,0.029783
105,R,134,I,0.132601,0.0235407
105,R,135,A,0.136934,0.0251063
105,R,136,T,0.105994,0.0220249
105,R,137,G,0.118216,0.0164158
105,R,138,K,0.132886,0.0241455
105,R,139,N,0.125322,0.0223921
105,R,140,G,0.0502094,0.00708241
105,R,141,Y,0.148056,0.0297455
105,R,142,I,0.0784859,0.0154511
105,R,143,P,0.0104467,0.00308185
105,R,144,S,0.063183,0.0160728
106,T,107,T,0.194579,0.0688284
106,T,108,E,0.281651,0.10984
106,T,109,D,0.22765,0.0678906
106,T,110,L,0.0880257,0.0118208
106,T,111,S,0.154654,0.0266217
106,T,112,F,0.101806,0.0162626
106,T,113,K,0.164803,0.0322469
106,T,114,K,0.12722,0.0189011
106,T,115,G,0.0724976,0.0152557
106,T,116,E,0.115108,0.0250659
106,T,117,R,0.149653,0.025323
106,T,118,F,0.10773,0.0262184
106,T,119,Q,0.183207,0.0357966
106,T,120,I,0.117828,0.022294
106,T,121,I,0.158307,0.0265707
106,T,122,N,0.174971,0.0367814
106,T,123,N,0.180889,0.0409734
106,T,124,T,0.20451,0.0367931
106,T,125,E,0.178695,0.0283854
106,T,126,G,0.178459,0.0405263
106,T,127,D,0.192582,0.033874
106,T,128,W,0.0214886,0.00719622
106,T,129,W,0.155446,0.0334187
106,T,130,E,0.202913,0.0402234
106,T,131,A,0.110483,0.0188794
106,T,132,R,0.168005,0.0327212
106,T,133,S,0.192002,0.0325417
106,T,134,I,0.168961,0.0363645
106,T,135,A,0.142755,0.0227832
106,T,136,T,0.139711,0.0240103
106,T,137,G,0.115398,0.0200007
106,T,138,K,0.148175,0.0282846
106,T,139,N,0.143972,0.0245599
106,T,140,G,0.0499799,0.0145278
106,T,141,Y,0.144798,0.0402408
106,T,142,I,0.123542,0.0269635
106,T,143,P,0.010425,0.00798744
106,T,144,S,0.0925799,0.0250291
107,T,108,E,0.199241,0.0823796
107,T,109,D,0.155074,0.0519417
107,T,110,L,0.0632649,0.0125471
107,T,111,S,0.111094,0.0145861
107,T,112,F,0.0742069,0.0137119
107,T,113,K,0.109396,0.0168588
107,T,114,K,0.101529,0.0208409
107,T,115,G,0.0514553,0.00647711
107,T,116,E,0.0564879,0.00731736
107,T,117,R,0.102288,0.0162636
107,T,118,F,0.0479205,0.0118837
107,T,119,Q,0.118818,0.0257181
107,T,120,I,0.0662747,0.0163893
107,T,121,I,0.108357,0.0189908
107,T,122,N,0.109659,0.024691
107,T,123,N,0.120315,0.0185085
107,T,124,T,0.12426,0.0259316
107,T,125,E,0.121159,0.0247288
107,T,126,G,0.0977136,0.0188067
107,T,127,D,0.0967377,0.0163361
107,T,128,W,0.0156019,0.00528711
107,T,129,W,0.0903491,0.0213432
107,T,130,E,0.148199,0.0263093
107,T,131,A,0.0561219,0.0139865
107,T,132,R,0.128229,0.0244515
107,T,133,S,0.116241,0.0214112
107,T,134,I,0.107329,0.0174755
107,T,135,A,0.0950652,0.0188424
107,T,136,T,0.0796093,0.0155081
107,T,137,G,0.0923228,0.0155408
107,T,138,K,0.111034,0.0194636
107,T,139,N,0.120237,0.0209556
107,T,140,G,0.0371293,0.00773067
107,T,141,Y,0.11051,0.0246946
107,T,142,I,0.0748541,0.0177435
107,T,143,P,0.00835442,0.00683916
107,T,144,S,0.0444479,0.0114156
108,E,109,D,0.231664,0.161836
108,E,110,L,0.0644348,0.0147456
108,E,111,S,0.141696,0.0249094
108,E,112,F,0.0711964,0.0169545
108,E,113,K,0.127298,0.0209322
108,E,114,K,0.130409,0.0240124
108,E,115,G,0.0590292,0.00873784
108,E,116,E,0.0683157,0.0150163
108,E,117,R,0.143255,0.0278816
108,E,118,F,0.0758258,0.0153538
108,E,119,Q,0.149864,0.031086
108,E,120,I,0.0869293,0.0192331
108,E,121,I,0.120308,0.0265019
108,E,122,N,0.126596,0.0196532
108,E,123,N,0.148668,0.0241306
108,E,124,T,0.165232,0.0418274
108,E,125,E,0.143363,0.0309722
108,E,126,G,0.132348,0.0384964
108,E,127,D,0.140193,0.0281255
108,E,128,W,0.0116229,0.00525625
108,E,129,W,0.110128,0.0267632
108,E,130,E,0.171063,0.038681
108,E,131,A,0.0841417,0.0172234
108,E,132,R,0.114231,0.0196954
108,E,133,S,0.159912,0.0332005
108,E,134,I,0.135923,0.0237504
108,E,135,A,0.126705,0.0201482
108,E,136,T,0.0969014,0.0156564
108,E,137,G,0.0995247,0.0157346
108,E,138,K,0.118147,0.0220048
108,E,139,N,0.146588,0.0222215
108,E,140,G,0.0445716,0.015093
108,E,141,Y,0.133893,0.0268786
108,E,142,I,0.0814393,0.0143847
108,E,143,P,0.0104993,0.0104065
108,E,144,S,0.0581093,0.0146206
109,D,110,L,0.0816329,0.0196248
109,D,111,S,0.141537,0.0447675
109,D,112,F,0.0971569,0.021461
109,D,113,K,0.0973154,0.0157745
109,D,114,K,0.0993167,0.0277112
109,D,115,G,0.0459505,0.0125558
109,D,116,E,0.0456164,0.00927943
109,D,117,R,0.110121,0.0206771
109,D,118,F,0.0665601,0.0260134
109,D,119,Q,0.110749,0.0209713
109,D,120,I,0.0612718,0.0111269
109,D,121,I,0.076636,0.0138555
109,D,122,N,0.0949517,0.0257522
109,D,123,N,0.135916,0.023878
109,D,124,T,0.143295,0.026488
109,D,125,E,0.1017,0.018144
109,D,126,G,0.109918,0.0221637
109,D,127,D,0.16575,0.0519341
109,D,128,W,0.00534934,0.0185456
109,D,129,W,0.104789,0.0122155
109,D,130,E,0.16148,0.0387645
109,D,131,A,0.0663704,0.0125882
109,D,132,R,0.116229,0.0186304
109,D,133,S,0.132107,0.0322425
109,D,134,I,0.126908,0.0185931
109,D,135,A,0.0997172,0.0178581
109,D,136,T,0.0877427,0.0176944
109,D,137,G,0.119936,0.0411178
109,D,138,K,0.114028,0.0224148
109,D,139,N,0.122075,0.0228874
109,D,140,G,0.0309445,0.0277757
109,D,141,Y,0.155232,0.0532671
109,D,142,I,0.0913607,0.0280882
109,D,143,P,0.00865583,0.0147423
109,D,144,S,0.0715017,0.0166625
110,L,111,S,0.0859982,0.0274404
110,L,112,F,0.0666682,0.0423519
110,L,113,K,0.0791711,0.0191735
110,L,114,K,0.0544293,0.0157572
110,L,115,G,0.0253289,0.0164991
110,L,116,E,0.0239428,0.00641453
110,L,117,R,0.0683555,0.0147428
110,L,118,F,0.0440907,0.0167491
110,L,119,Q,0.064312,0.0191397
110,L,120,I,0.0341564,0.0145193
110,L,121,I,0.060233,0.0129675
110,L,122,N,0.0527183,0.00565728
110,L,123,N,0.0699817,0.014413
110,L,124,T,0.0886836,0.023008
110,L,125,E,0.0631557,0.0110695
110,L,126,G,0.0445691,0.00750124
110,L,127,D,0.0651817,0.0103122
110,L,128,W,0.00686408,0.0756616
110,L,129,W,0.0762861,0.014861
110,L,130,E,0.0688371,0.0160257
110,L,131,A,0.12212,0.0826256
110,L,132,R,0.0670352,0.00913579
110,L,133,S,0.0942365,0.0318017
110,L,134,I,0.0611595,0.0169522
110,L,135,A,0.0672019,0.0193818
110,L,136,T,0.0425882,0.0191447
110,L,137,G,0.0310975,0.00738266
110,L,138,K,0.0653983,0.0111816
110,L,139,N,0.0624664,0.0138923
110,L,140,G,0.0373027,0.072034
110,L,141,Y,0.0589062,0.00758723
110,L,142,I,0.071822,0.0289823
110,L,143,P,0.0157352,0.0999233
110,L,144,S,0.0427639,0.0193451
111,S,112,F,0.128284,0.0715118
111,S,113,K,0.119649,0.0250459
111,S,114,K,0.10693,0.0193971
111,S,115,G,0.0466963,0.00696878
111,S,116,E,0.0726979,0.0118711
111,S,117,R,0.11246,0.0181834
111,S,118,F,0.0618851,0.0101276
111,S,119,Q,0.117391,0.0211103
111,S,120,I,0.0704941,0.0126761
111,S,121,I,0.102545,0.0186701
111,S,122,N,0.0966737,0.0186384
111,S,123,N,0.13447,0.0221354
111,S,124,T,0.134484,0.0223004
111,S,125,E,0.10148,0.014563
111,S,126,G,0.113208,0.0180932
111,S,127,D,0.124331,0.0194121
111,S,128,W,0.014153,0.0118806
111,S,129,W,0.0859559,0.0138392
111,S,130,E,0.118478,0.0203253
111,S,131,A,0.0592654,0.00809147
111,S,132,R,0.109428,0.0170046
111,S,133,S,0.132808,0.0297576
111,S,134,I,0.128733,0.0280744
111,S,135,A,0.101789,0.0161731
111,S,136,T,0.0794672,0.021742
111,S,137,G,0.083868,0.0108597
111,S,138,K,0.106844,0.0180322
111,S,139,N,0.115971,0.0201519
111,S,140,G,0.0342316,0.0107931
111,S,141,Y,0.110286,0.0187889
111,S,142,I,0.0647654,0.0142437
111,S,143,P,0.00899749,0.0130906
111,S,144,S,0.0520936,0.0115086
112,F,113,K,0.0780034,0.0206877
112,F,114,K,0.0921917,0.0335593
112,F,115,G,0.0375012,0.0229893
112,F,116,E,0.0514723,0.0126134
112,F,117,R,0.0646345,0.0128098
112,F,118,F,0.162113,0.0913462
112,F,119,Q,0.0626314,0.0118838
112,F,120,I,0.0433184,0.00834389
112,F,121,I,0.0597322,0.0116466
112,F,122,N,0.0610789,0.0189824
112,F,123,N,0.0627067,0.0122147
112,F,124,T,0.0918935,0.0164445
112,F,125,E,0.0904441,0.0247063
112,F,126,G,0.0678865,0.0163941
112,F,127,D,0.0977863,0.0278085
112,F,128,W,0.0107245,0.0370619
112,F,129,W,0.0940242,0.0327182
112,F,130,E,0.0985741,0.0192896
112,F,131,A,0.136117,0.076477
112,F,132,R,0.0646335,0.0116619
112,F,133,S,0.109884,0.0388992
112,F,134,I,0.0760973,0.0235152
112,F,135,A,0.0737676,0.017764
112,F,136,T,0.0479739,0.0101219
112,F,137,G,0.0448637,0.0138705
112,F,138,K,0.0677274,0.0129692
112,F,139,N,0.0789615,0.0192463
112,F,140,G,0.0204053,0.0199564
112,F,141,Y,0.079819,0.0271331
112,F,142,I,0.130333,0.0485551
112,F,143,P,0.00498778,0.0338617
112,F,144,S,0.0495845,0.0202948
113,K,114,K,0.136357,0.0272043
113,K,115,G,0.0617156,0.0136409
113,K,116,E,0.150805,0.0651712
113,K,117,R,0.125069,0.0243166
113,K,118,F,0.051381,0.0118657
113,K,119,Q,0.129663,0.0292036
113,K,120,I,0.088051,0.014689
113,K,121,I,0.113487,0.0193461
113,K,122,N,0.119546,0.0227059
113,K,123,N,0.143765,0.0229119
113,K,124,T,0.139625,0.026371
113,K,125,E,0.125278,0.0185682
113,K,126,G,0.118295,0.0185365
113,K,127,D,0.109486,0.0154504
113,K,128,W,0.0243759,0.00549662
113,K,129,W,0.0913636,0.0155528
113,K,130,E,0.12002,0.0221436
113,K,131,A,0.0532709,0.00937357
113,K,132,R,0.129345,0.0193961
113,K,133,S,0.184012,0.0481522
113,K,134,I,0.147172,0.0267065
113,K,135,A,0.160101,0.0284625
113,K,136,T,0.0949778,0.01755
113,K,137,G,0.110326,0.0168245
113,K,138,K,0.130789,0.0240953
113,K,139,N,0.134673,0.0219888
113,K,140,G,0.050739,0.0136146
113,K,141,Y,0.111659,0.0221049
113,K,142,I,0.0633023,0.0155483
113,K,143,P,0.00822032,0.00305774
113,K,144,S,0.0511277,0.0159997
114,K,115,G,0.0543521,0.0150084
114,K,116,E,0.078488,0.0137088
114,K,117,R,0.107698,0.0213297
114,K,118,F,0.0737521,0.0188908
114,K,119,Q,0.126455,0.0369867
114,K,120,I,0.0743098,0.0114206
114,K,121,I,0.096856,0.017647
114,K,122,N,0.108214,0.0248435
114,K,123,N,0.130706,0.0235666
114,K,124,T,0.132059,0.0290496
114,K,125,E,0.135688,0.0298886
114,K,126,G,0.116467,0.0250236
114,K,127,D,0.12501,0.0242633
114,K,128,W,0.0133911,0.00801317
114,K,129,W,0.120177,0.0262171
114,K,130,E,0.131907,0.0232859
114,K,131,A,0.0822437,0.0209911
114,K,132,R,0.103825,0.0168234
114,K,133,S,0.112129,0.0197749
114,K,134,I,0.123872,0.0253365
114,K,135,A,0.123792,0.0248187
114,K,136,T,0.0893141,0.0145755
114,K,137,G,0.0967311,0.0143832
114,K,138,K,0.0978486,0.0172775
114,K,139,N,0.108033,0.020927
114,K,140,G,0.0369814,0.012075
114,K,141,Y,0.103072,0.023862
114,K,142,I,0.08281,0.0219695
114,K,143,P,0.00884961,0.00888096
114,K,144,S,0.059381,0.0145332
115,G,116,E,0.0307449,0.0263798
115,G,117,R,0.0598045,0.0182373
115,G,118,F,0.0297962,0.0142129
115,G,119,Q,0.0696118,0.0114888
115,G,120,I,0.037958,0.0276944
115,G,121,I,0.0486966,0.0123969
115,G,122,N,0.0538445,0.0101131
115,G,123,N,0.0684632,0.0118449
115,G,124,T,0.0621987,0.0143934
115,G,125,E,0.0530873,0.00792564
115,G,126,G,0.0589369,0.0168604
115,G,127,D,0.0604151,0.0301508
115,G,128,W,0.0117239,0.0943379
115,G,129,W,0.0469932,0.0134055
115,G,130,E,0.0671987,0.0114067
115,G,131,A,0.0270017,0.0131446
115,G,132,R,0.0631363,0.00938096
115,G,133,S,0.0791309,0.0147013
115,G,134,I,0.0792551,0.0204801
115,G,135,A,0.0649825,0.016575
115,G,136,T,0.0435145,0.0140548
115,G,137,G,0.0466656,0.020917
115,G,138,K,0.0610692,0.0133079
115,G,139,N,0.0607921,0.0156582
115,G,140,G,0.0132855,0.0543783
115,G,141,Y,0.0453908,0.00724803
115,G,142,I,0.0355375,0.0212203
115,G,143,P,0.00570104,0.0507603
115,G,144,S,0.0191385,0.00658024
116,E,117,R,0.0961706,0.0223843
116,E,118,F,0.078281,0.0180409
116,E,119,Q,0.0911754,0.0140907
116,E,120,I,0.0501776,0.016106
116,E,121,I,0.0696273,0.00841464
116,E,122,N,0.081452,0.0141226
116,E,123,N,0.103425,0.0182176
116,E,124,T,0.0984658,0.0168071
116,E,125,E,0.0826749,0.0141492
116,E,126,G,0.0795483,0.0118858
116,E,127,D,0.0735388,0.0195051
116,E,128,W,0.0133713,0.0504218
116,E,129,W,0.0565488,0.00855993
116,E,130,E,0.0901174,0.0163315
116,E,131,A,0.0927498,0.0371249
116,E,132,R,0.100009,0.0190479
116,E,133,S,0.264098,0.130352
116,E,134,I,0.131035,0.032038
116,E,135,A,0.114023,0.0240519
116,E,136,T,0.0633247,0.0171623
116,E,137,G,0.0617428,0.0131569
116,E,138,K,0.0828207,0.00947934
116,E,139,N,0.0832618,0.0131277
116,E,140,G,0.033841,0.0595102
116,E,141,Y,0.0755149,0.0139281
116,E,142,I,0.0668675,0.0110821
116,E,143,P,0.00892493,0.0342732
116,E,144,S,0.0446504,0.0179039
117,R,118,F,0.0968856,0.0375043
117,R,119,Q,0.181387,0.0592892
117,R,120,I,0.0895804,0.0174406
117,R,121,I,0.124669,0.0211316
117,R,122,N,0.126027,0.0289056
117,R,123,N,0.156077,0.0262867
117,R,124,T,0.158955,0.0306469
117,R,125,E,0.144895,0.0358725
117,R,126,G,0.119209,0.0175529
117,R,127,D,0.117258,0.0237864
117,R,128,W,0.0167189,0.00640193
117,R,129,W,0.110305,0.0168248
117,R,130,E,0.167855,0.0278463
117,R,131,A,0.0870006,0.0196637
117,R,132,R,0.156254,0.0222758
117,R,133,S,0.183854,0.0356116
117,R,134,I,0.174771,0.0458828
117,R,135,A,0.15583,0.0217344
117,R,136,T,0.118762,0.019228
117,R,137,G,0.112617,0.0220524
117,R,138,K,0.120742,0.0178407
117,R,139,N,0.132221,0.0218616
117,R,140,G,0.0415655,0.0103269
117,R,141,Y,0.108192,0.0167838
117,R,142,I,0.0880987,0.0193429
117,R,143,P,0.0112619,0.00910752
117,R,144,S,0.0600493,0.013171
118,F,119,Q,0.0758016,0.0209013
118,F,120,I,0.0378644,0.00767564
118,F,121,I,0.0565527,0.00827652
118,F,122,N,0.0650117,0.01543
118,F,123,N,0.0787309,0.0196589
118,F,124,T,0.0964353,0.0170081
118,F,125,E,0.0685963,0.0181743
118,F,126,G,0.058266,0.0132524
118,F,127,D,0.0799222,0.022959
118,F,128,W,0.00932138,0.0286122
118,F,129,W,0.0561485,0.01262
118,F,130,E,0.0983544,0.0223215
118,F,131,A,0.296866,0.238813
118,F,132,R,0.0838476,0.0114658
118,F,133,S,0.148978,0.0463543
118,F,134,I,0.100347,0.0225093
118,F,135,A,0.101554,0.0230307
118,F,136,T,0.0680015,0.019488
118,F,137,G,0.0450967,0.00687166
118,F,138,K,0.071595,0.0154588
118,F,139,N,0.066485,0.0110198
118,F,140,G,0.0204651,0.0161226
118,F,141,Y,0.10452,0.0199061
118,F,142,I,0.219789,0.0646238
118,F,143,P,0.00488485,0.0263425
118,F,144,S,0.0251156,0.00887128
119,Q,120,I,0.0932325,0.0161549
119,Q,121,I,0.151697,0.0343936
119,Q,122,N,0.143818,0.0371345
119,Q,123,N,0.178344,0.0410689
119,Q,124,T,0.18675,0.0406166
119,Q,125,E,0.159408,0.0308742
119,Q,126,G,0.12795,0.0302636
119,Q,127,D,0.135937,0.0288643
119,Q,128,W,0.0285365,0.00913774
119,Q,129,W,0.120994,0.0236538
119,Q,130,E,0.165566,0.0416702
119,Q,131,A,0.0894944,0.0237713
119,Q,132,R,0.244128,0.100802
119,Q,133,S,0.160267,0.0291344
119,Q,134,I,0.182662,0.039727
119,Q,135,A,0.143734,0.0318891
119,Q,136,T,0.112673,0.0290966
119,Q,137,G,0.119255,0.0169969
119,Q,138,K,0.134278,0.0264477
119,Q,139,N,0.155734,0.0273446
119,Q,140,G,0.0470447,0.00690278
119,Q,141,Y,0.121285,0.0286923
119,Q,142,I,0.0829331,0.0153296
119,Q,143,P,0.0114269,0.00737524
119,Q,144,S,0.0481248,0.0160273
120,I,121,I,0.0894957,0.0291997
120,I,122,N,0.092659,0.0164506
120,I,123,N,0.120294,0.0251156
120,I,124,T,0.141335,0.0443567
120,I,125,E,0.0819373,0.0120182
120,I,126,G,0.0921608,0.0251011
120,I,127,D,0.0828158,0.0123467
120,I,128,W,0.00834362,0.0341325
120,I,129,W,0.104719,0.0444499
120,I,130,E,0.102809,0.0181568
120,I,131,A,0.0872398,0.0426018
120,I,132,R,0.130199,0.038783
120,I,133,S,0.101081,0.0138271
120,I,134,I,0.1071,0.0214432
120,I,135,A,0.0764684,0.0139002
120,I,136,T,0.0485595,0.0105247
120,I,137,G,0.0596971,0.0105114
120,I,138,K,0.0830241,0.0132808
120,I,139,N,0.0993582,0.0169902
120,I,140,G,0.0348218,0.0729501
120,I,141,Y,0.0824626,0.0180365
120,I,142,I,0.0727969,0.028158
120,I,143,P,0.00828731,0.0348031
120,I,144,S,0.0532366,0.0153352
121,I,122,N,0.161178,0.0310001
121,I,123,N,0.142123,0.0243474
121,I,124,T,0.166458,0.0348715
121,I,125,E,0.124656,0.0230579
121,I,126,G,0.126868,0.0240342
121,I,127,D,0.119384,0.0232554
121,I,128,W,0.0198298,0.0125616
121,I,129,W,0.128901,0.0329502
121,I,130,E,0.168953,0.0322287
121,I,131,A,0.084046,0.0269878
121,I,132,R,0.168101,0.0452032
121,I,133,S,0.140808,0.0284439
121,I,134,I,0.143985,0.0249465
121,I,135,A,0.119319,0.023052
121,I,136,T,0.0906736,0.0177109
121,I,137,G,0.10206,0.0167979
121,I,138,K,0.124652,0.0182965
121,I,139,N,0.159427,0.0352141
121,I,140,G,0.0410321,0.0177812
121,I,141,Y,0.118873,0.0200908
121,I,142,I,0.0715693,0.0206503
121,I,143,P,0.00847246,0.0166234
121,I,144,S,0.058171,0.016848
122,N,123,N,0.185437,0.0542787
122,N,124,T,0.235667,0.104861
122,N,125,E,0.152999,0.0289603
122,N,126,G,0.145504,0.0250449
122,N,127,D,0.178255,0.0407426
122,N,128,W,0.0332508,0.0137634
122,N,129,W,0.136869,0.0364963
122,N,130,E,0.295314,0.116931
122,N,131,A,0.0970017,0.0240078
122,N,132,R,0.163046,0.0279526
122,N,133,S,0.161326,0.0365803
122,N,134,I,0.15336,0.0315334
122,N,135,A,0.128037,0.0247787
122,N,136,T,0.0982209,0.0220108
122,N,137,G,0.109259,0.0162112
122,N,138,K,0.126251,0.0258007
122,N,139,N,0.128025,0.0219203
122,N,140,G,0.0489405,0.00884015
122,N,141,Y,0.117512,0.0304639
122,N,142,I,0.0816986,0.0108083
122,N,143,P,0.0114965,0.0074708
122,N,144,S,0.0623243,0.014867
123,N,124,T,0.22095,0.0449901
123,N,125,E,0.169977,0.0248835
123,N,126,G,0.219874,0.0801539
123,N,127,D,0.189726,0.049542
123,N,128,W,0.0239831,0.00651708
123,N,129,W,0.184254,0.0989462
123,N,130,E,0.186216,0.0342039
123,N,131,A,0.0789392,0.0111536
123,N,132,R,0.156694,0.0258661
123,N,133,S,0.164286,0.0271125
123,N,134,I,0.160044,0.0335091
123,N,135,A,0.143016,0.0228575
123,N,136,T,0.118856,0.0246737
123,N,137,G,0.117549,0.0168835
123,N,138,K,0.146654,0.020794
123,N,139,N,0.159245,0.0285573
123,N,140,G,0.0429412,0.00769502
123,N,141,Y,0.184357,0.0325213
123,N,142,I,0.0869103,0.0186483
123,N,143,P,0.00892884,0.00554371
123,N,144,S,0.0748169,0.0184429
124,T,125,E,0.235174,0.0563674
124,T,126,G,0.221507,0.0521004
124,T,127,D,0.231937,0.0788312
124,T,128,W,0.0417536,0.0148887
124,T,129,W,0.246383,0.0865475
124,T,130,E,0.210182,0.0425786
124,T,131,A,0.136843,0.024897
124,T,132,R,0.176154,0.0321403
124,T,133,S,0.189232,0.034648
124,T,134,I,0.164217,0.0286213
124,T,135,A,0.156861,0.0240064
124,T,136,T,0.135306,0.0258158
124,T,137,G,0.130593,0.0205498
124,T,138,K,0.172944,0.0266344
124,T,139,N,0.174941,0.0392868
124,T,140,G,0.052383,0.00767076
124,T,141,Y,0.230251,0.0586064
124,T,142,I,0.129153,0.0177277
124,T,143,P,0.0211425,0.0114125
124,T,144,S,0.118258,0.0402692
125,E,126,G,0.182281,0.0393552
125,E,127,D,0.243792,0.136396
125,E,128,W,0.0447477,0.026918
125,E,129,W,0.134958,0.0287768
125,E,130,E,0.166254,0.0294396
125,E,131,A,0.0981545,0.0230546
125,E,132,R,0.147637,0.0237737
125,E,133,S,0.172451,0.029585
125,E,134,I,0.150487,0.0289205
125,E,135,A,0.13158,0.0221998
125,E,136,T,0.0946448,0.0164183
125,E,137,G,0.0995539,0.0157389
125,E,138,K,0.132711,0.0242451
125,E,139,N,0.120795,0.0180271
125,E,140,G,0.0457711,0.00996973
125,E,141,Y,0.148032,0.0268069
125,E,142,I,0.101248,0.0163543
125,E,143,P,0.0167802,0.0049205
125,E,144,S,0.0709087,0.0172604
126,G,127,D,0.162737,0.0469497
126,G,128,W,0.0526435,0.0354227
126,G,129,W,0.183134,0.0478498
126,G,130,E,0.186229,0.0367005
126,G,131,A,0.106859,0.0167757
126,G,132,R,0.14575,0.019855
126,G,133,S,0.155939,0.0263218
126,G,134,I,0.164441,0.0290916
126,G,135,A,0.123628,0.0205856
126,G,136,T,0.09697,0.0177493
126,G,137,G,0.10687,0.0141243
126,G,138,K,0.137268,0.0220578
126,G,139,N,0.145534,0.0216347
126,G,140,G,0.0491168,0.00697926
126,G,141,Y,0.15046,0.0234149
126,G,142,I,0.0897025,0.0132199
126,G,143,P,0.0245619,0.0139348
126,G,144,S,0.0813929,0.0158477
127,D,128,W,0.0423707,0.070945
127,D,129,W,0.142716,0.0473166
127,D,130,E,0.159302,0.0294939
127,D,131,A,0.0926502,0.023073
127,D,132,R,0.150042,0.0258718
127,D,133,S,0.162644,0.0220856
127,D,134,I,0.154939,0.0287948
127,D,135,A,0.113774,0.0193931
127,D,136,T,0.0791769,0.0146682
127,D,137,G,0.0904944,0.0106232
127,D,138,K,0.124651,0.0208634
127,D,139,N,0.118431,0.0172758
127,D,140,G,0.0331426,0.0143154
127,D,141,Y,0.164379,0.0549486
127,D,142,I,0.0856993,0.0250333
127,D,143,P,0.0174706,0.0296836
127,D,144,S,0.0922256,0.0290357
128,W,129,W,0.0680756,0.0751443
128,W,130,E,0.0707764,0.0356108
128,W,131,A,0.0576579,0.0890988
128,W,132,R,0.0651399,0.0245586
128,W,133,S,0.0654859,0.0177294
128,W,134,I,0.0625632,0.015697
128,W,135,A,0.0259414,0.00660192
128,W,136,T,0.0168076,0.0149343
128,W,137,G,0.0273975,0.0247724
128,W,138,K,0.0475617,0.0104154
128,W,139,N,0.0506223,0.00845533
128,W,140,G,0.0339291,0.195596
128,W,141,Y,0.0509749,0.0162252
128,W,142,I,0.042073,0.0404927
128,W,143,P,0.0301006,0.251496
128,W,144,S,0.0229992,0.0348438
129,W,130,E,0.200366,0.0631753
129,W,131,A,0.151306,0.0490943
129,W,132,R,0.18435,0.0402236
129,W,133,S,0.164282,0.0285962
129,W,134,I,0.173082,0.0262525
129,W,135,A,0.129869,0.0189569
129,W,136,T,0.0880484,0.0180458
129,W,137,G,0.113108,0.0116471
129,W,138,K,0.140397,0.0185914
129,W,139,N,0.146633,0.0189503
129,W,140,G,0.0628233,0.00745862
129,W,141,Y,0.174371,0.0348555
129,W,142,I,0.142478,0.0261403
129,W,143,P,0.0418888,0.0108287
129,W,144,S,0.160636,0.143172
130,E,131,A,0.203654,0.0827889
130,E,132,R,0.248702,0.0591765
130,E,133,S,0.238079,0.0508006
130,E,134,I,0.234631,0.0438021
130,E,135,A,0.175348,0.028406
130,E,136,T,0.120465,0.0268614
130,E,137,G,0.149169,0.0170134
130,E,138,K,0.173927,0.0222591
130,E,139,N,0.330006,0.0986158
130,E,140,G,0.0867981,0.0183541
130,E,141,Y,0.259521,0.0543605
130,E,142,I,0.159213,0.0290202
130,E,143,P,0.04877,0.0102357
130,E,144,S,0.0963161,0.0213582
131,A,132,R,0.199889,0.0729156
131,A,133,S,0.228426,0.0672281
131,A,134,I,0.156838,0.0437292
131,A,135,A,0.130108,0.0156292
131,A,136,T,0.0624402,0.0121361
131,A,137,G,0.0782782,0.0166711
131,A,138,K,0.132612,0.0108624
131,A,139,N,0.133751,0.0210845
131,A,140,G,0.0711614,0.0252972
131,A,141,Y,0.183971,0.0232405
131,A,142,I,0.543392,0.46399
131,A,143,P,0.0513848,0.0282302
131,A,144,S,0.0703659,0.0146979
132,R,133,S,0.299232,0.106464
132,R,134,I,0.266146,0.0861353
132,R,135,A,0.204352,0.0603287
132,R,136,T,0.142575,0.0285738
132,R,137,G,0.184011,0.0413523
132,R,138,K,0.214154,0.025281
132,R,139,N,0.317124,0.109089
132,R,140,G,0.116984,0.0286306
132,R,141,Y,0.187546,0.0252404
132,R,142,I,0.158655,0.0142176
132,R,143,P,0.0619873,0.00687244
132,R,144,S,0.072613,0.0133379
133,S,134,I,0.399336,0.163167
133,S,135,A,0.383897,0.098243
133,S,136,T,0.245661,0.104296
133,S,137,G,0.181871,0.0307239
133,S,138,K,0.298426,0.0630697
133,S,139,N,0.238525,0.0351743
133,S,140,G,0.128901,0.0189249
133,S,141,Y,0.213608,0.0259054
133,S,142,I,0.217413,0.0261422
133,S,143,P,0.0783321,0.00919068
133,S,144,S,0.0838719,0.014712
134,I,135,A,0.34734,0.125372
134,I,136,T,0.300492,0.0982042
134,I,137,G,0.24985,0.0639722
134,I,138,K,0.247023,0.0304135
134,I,139,N,0.226299,0.036968
134,I,140,G,0.128796,0.0176981
134,I,141,Y,0.203524,0.0275523
134,I,142,I,0.164501,0.0177621
134,I,143,P,0.0872465,0.0103692
134,I,144,S,0.0899063,0.0170582
135,A,136,T,0.36024,0.282179
135,A,137,G,0.193941,0.0895339
135,A,138,K,0.207625,0.0512527
135,A,139,N,0.138237,0.027011
135,A,140,G,0.0501433,0.0121558
135,A,141,Y,0.11159,0.0202117
135,A,142,I,0.122033,0.014109
135,A,143,P,0.0163767,0.00972177
135,A,144,S,0.0490959,0.0103222
136,T,137,G,0.279879,0.224015
136,T,138,K,0.165321,0.0487607
136,T,139,N,0.127127,0.0204615
136,T,140,G,0.0503388,0.0217822
136,T,141,Y,0.0789577,0.0164459
136,T,142,I,0.0713107,0.0119963
136,T,143,P,0.00812645,0.0092197
136,T,144,S,0.0430639,0.0116975
137,G,138,K,0.266256,0.0871596
137,G,139,N,0.218277,0.0351118
137,G,140,G,0.121142,0.0470304
137,G,141,Y,0.188562,0.0363062
137,G,142,I,0.13815,0.0211899
137,G,143,P,0.0769084,0.0177844
137,G,144,S,0.0631963,0.010933
138,K,139,N,0.355644,0.14853
138,K,140,G,0.242627,0.12706
138,K,141,Y,0.319976,0.102813
138,K,142,I,0.28425,0.0805671
138,K,143,P,0.187346,0.0656307
138,K,144,S,0.107866,0.0135999
139,N,140,G,0.279662,0.167895
139,N,141,Y,0.369071,0.149011
139,N,142,I,0.321741,0.118412
139,N,143,P,0.209263,0.0727424
139,N,144,S,0.12777,0.0203816
140,G,141,Y,0.267803,0.165869
140,G,142,I,0.248313,0.167199
140,G,143,P,0.205277,0.432942
140,G,144,S,0.0915236,0.0154526
141,Y,142,I,0.403391,0.210832
141,Y,143,P,0.22404,0.12808
141,Y,144,S,0.134046,0.0182971
142,I,143,P,0.237886,0.220457
142,I,144,S,0.126517,0.0215247
143,P,144,S,0.103942,0.0734096
